Date,Volume
2/28/2020,106721200
2/27/2020,80151380
2/26/2020,49678430
2/25/2020,57668360
2/24/2020,55548830
2/21/2020,32426420
2/20/2020,25141490
2/19/2020,23495990
2/18/2020,38190550
2/14/2020,20028450
2/13/2020,23686890
2/12/2020,28432570
2/11/2020,23580780
2/10/2020,27337220
2/7/2020,29421010
2/6/2020,26356390
2/5/2020,29706720
2/4/2020,34154130
2/3/2020,43496400
1/31/2020,49897100
1/30/2020,31685810
1/29/2020,54149930
1/28/2020,40558490
1/27/2020,40485010
1/24/2020,36634380
1/23/2020,26117990
1/22/2020,25458120
1/21/2020,27710810
1/17/2020,34454120
1/16/2020,27207250
1/15/2020,30480880
1/14/2020,40653460
1/13/2020,30521720
1/10/2020,35217270
1/9/2020,42621540
1/8/2020,33090950
1/7/2020,27877660
1/6/2020,29644640
1/3/2020,36633880
1/2/2020,33911860
12/31/2019,25247630
12/30/2019,36059610
12/27/2019,36592940
12/26/2019,23334000
12/24/2019,12119710
12/23/2019,24677880
12/20/2019,69032740
12/19/2019,24626950
12/18/2019,29024690
12/17/2019,28575800
12/16/2019,32081110
12/13/2019,33432810
12/12/2019,34437040
12/11/2019,19723390
12/10/2019,22632380
12/9/2019,32182650
12/6/2019,26547490
12/5/2019,18661340
12/4/2019,16810390
12/3/2019,29377270
12/2/2019,23693550
11/29/2019,11654360
11/27/2019,16386120
11/26/2019,26334880
11/25/2019,21029520
11/22/2019,16331260
11/21/2019,30348780
11/20/2019,26609920
11/19/2019,19069600
11/18/2019,21700900
11/15/2019,25093670
11/14/2019,22395560
11/13/2019,25817590
11/12/2019,21847230
11/11/2019,20507460
11/8/2019,17520500
11/7/2019,23735080
11/6/2019,18966120
11/5/2019,19974430
11/4/2019,25817950
11/1/2019,37781330
10/31/2019,34790520
10/30/2019,31130520
10/29/2019,35709870
10/28/2019,24143240
10/25/2019,18369300
10/24/2019,17916260
10/23/2019,19932550
10/22/2019,22684000
10/21/2019,22367480
10/18/2019,24377170
10/17/2019,17272900
10/16/2019,19286690
10/15/2019,23040480
10/14/2019,24413480
10/11/2019,41990210
10/10/2019,28962980
10/9/2019,19029420
10/8/2019,29282700
10/7/2019,30889270
10/4/2019,34755550
10/3/2019,30352690
10/2/2019,35767260
10/1/2019,36187160
9/30/2019,26318580
9/27/2019,25361290
9/26/2019,19088310
9/25/2019,22481010
9/24/2019,31434370
9/23/2019,19419650
9/20/2019,57977090
9/19/2019,22187880
9/18/2019,25643090
9/17/2019,18386470
9/16/2019,21158140
9/13/2019,39763300
9/12/2019,32226670
9/11/2019,44289650
9/10/2019,31777930
9/9/2019,27309400
9/6/2019,19362290
9/5/2019,23946880
9/4/2019,19216820
9/3/2019,20059570
8/30/2019,21162560
8/29/2019,21007650
8/28/2019,15957630
8/27/2019,25897340
8/26/2019,26066130
8/23/2019,46882840
8/22/2019,22267820
8/21/2019,21564750
8/20/2019,26919530
8/19/2019,24431920
8/16/2019,28813620
8/15/2019,27883360
8/14/2019,36547440
8/13/2019,47539790
8/12/2019,22481890
8/9/2019,24619750
8/8/2019,27009520
8/7/2019,33364400
8/6/2019,35824790
8/5/2019,52392970
8/2/2019,40862120
8/1/2019,54017920
7/31/2019,69281360
7/30/2019,33935720
7/29/2019,21673390
7/26/2019,17618870
7/25/2019,13909560
7/24/2019,14991570
7/23/2019,18355210
7/22/2019,22277930
7/19/2019,20929310
7/18/2019,18582160
7/17/2019,14107450
7/16/2019,16866820
7/15/2019,16947420
7/12/2019,17595210
7/11/2019,20191840
7/10/2019,17897140
7/9/2019,20578020
7/8/2019,25338630
7/5/2019,17265520
7/3/2019,11362050
7/2/2019,16935220
7/1/2019,27316740
6/28/2019,31110640
6/27/2019,20899720
6/26/2019,26067510
6/25/2019,21070330
6/24/2019,18220420
6/21/2019,47800590
6/20/2019,21513990
6/19/2019,21124240
6/18/2019,26551000
6/17/2019,14669140
6/14/2019,18761470
6/13/2019,21674630
6/12/2019,18253190
6/11/2019,26932880
6/10/2019,26220850
6/7/2019,30684390
6/6/2019,22526310
6/5/2019,29773430
6/4/2019,30967960
6/3/2019,40396070
5/31/2019,27043580
5/30/2019,21218410
5/29/2019,28481170
5/28/2019,27948160
5/24/2019,23714690
5/23/2019,36529740
5/22/2019,29748560
5/21/2019,28364850
5/20/2019,38612290
5/17/2019,32879090
5/16/2019,33031360
5/15/2019,26544720
5/14/2019,36529680
5/13/2019,57430620
5/10/2019,41208710
5/9/2019,34908610
5/8/2019,26339500
5/7/2019,38763700
5/6/2019,32443110
5/3/2019,20892380
5/2/2019,31996320
5/1/2019,64827330
4/30/2019,45751160
4/29/2019,22010360
4/26/2019,18612770
4/25/2019,18463850
4/24/2019,17427570
4/23/2019,23286380
4/22/2019,17841920
4/18/2019,24185530
4/17/2019,28865310
4/16/2019,25668330
4/15/2019,17524150
4/12/2019,27738580
4/11/2019,20543190
4/10/2019,21654750
4/9/2019,35738280
4/8/2019,25829880
4/5/2019,18473070
4/4/2019,19090050
4/3/2019,23243160
4/2/2019,22727370
4/1/2019,27308200
3/29/2019,23524830
3/28/2019,20710390
3/27/2019,29771210
3/26/2019,49696100
3/25/2019,43751810
3/22/2019,42287640
3/21/2019,50943120
3/20/2019,31003380
3/19/2019,31440300
3/18/2019,26148590
3/15/2019,39017490
3/14/2019,23527660
3/13/2019,30929740
3/12/2019,32416800
3/11/2019,31123000
3/8/2019,23985960
3/7/2019,24755470
3/6/2019,20755140
3/5/2019,19238480
3/4/2019,27413060
3/1/2019,25737560
2/28/2019,27953810
2/27/2019,27817640
2/26/2019,16991610
2/25/2019,21846400
2/22/2019,18890250
2/21/2019,17154540
2/20/2019,25323890
2/19/2019,18958570
2/15/2019,24603320
2/14/2019,21785180
2/13/2019,22389660
2/12/2019,22224400
2/11/2019,20940020
2/8/2019,23793830
2/7/2019,31644240
2/6/2019,28204640
2/5/2019,36054570
2/4/2019,31384720
2/1/2019,32644590
1/31/2019,40613260
1/30/2019,60800480
1/29/2019,39914850
1/28/2019,26147280
1/25/2019,33508960
1/24/2019,25418110
1/23/2019,23046560
1/22/2019,30273990
1/18/2019,33259460
1/17/2019,29616190
1/16/2019,30483120
1/15/2019,28449940
1/14/2019,32018540
1/11/2019,26924630
1/10/2019,35661200
1/9/2019,45034370
1/8/2019,40622910
1/7/2019,54571440
1/4/2019,57423650
1/3/2019,91106840
1/2/2019,35637070
12/31/2018,34499390
12/28/2018,41740600
12/27/2018,51608850
12/26/2018,58133850
12/24/2018,37169230
12/21/2018,95497900
12/20/2018,64398230
12/19/2018,47597670
12/18/2018,33753490
12/17/2018,43250420
12/14/2018,40620360
12/13/2018,31754210
12/12/2018,35474680
12/11/2018,45968040
12/10/2018,61759000
12/7/2018,41678680
12/6/2018,42704910
12/4/2018,41141250
12/3/2018,40537700
11/30/2018,39424260
11/29/2018,41523580
11/28/2018,45941750
11/27/2018,41156140
11/26/2018,44662320
11/23/2018,23623970
11/21/2018,31096240
11/20/2018,67678680
11/19/2018,41626820
11/16/2018,36191330
11/15/2018,46271660
11/14/2018,60547340
11/13/2018,46725710
11/12/2018,50991030
11/9/2018,34317760
11/8/2018,25289270
11/7/2018,33291640
11/6/2018,31774720
11/5/2018,66072170
11/2/2018,91046560
11/1/2018,52954070
10/31/2018,38016810
10/30/2018,36487930
10/29/2018,45713690
10/26/2018,47191700
10/25/2018,29027340
10/24/2018,39992120
10/23/2018,38681170
10/22/2018,28751540
10/19/2018,32874330
10/18/2018,32389280
10/17/2018,22692880
10/16/2018,28802550
10/15/2018,30280450
10/12/2018,39494770
10/11/2018,52902320
10/10/2018,41084070
10/9/2018,26656630
10/8/2018,28784550
10/5/2018,33507770
10/4/2018,31961120
10/3/2018,28540490
10/2/2018,24435010
10/1/2018,23171020
9/28/2018,22560440
9/27/2018,29729270
9/26/2018,23430370
9/25/2018,22811140
9/24/2018,27581270
9/21/2018,95584080
9/20/2018,26388050
9/19/2018,26869880
9/18/2018,31495630
9/17/2018,36810120
9/14/2018,31801970
9/13/2018,41411350
9/12/2018,49118510
9/11/2018,35644510
9/10/2018,39194720
9/7/2018,37418910
9/6/2018,34121240
9/5/2018,33290830
9/4/2018,27363960
8/31/2018,43177540
8/30/2018,48696960
8/29/2018,27074260
8/28/2018,22751390
8/27/2018,20400770
8/24/2018,18457720
8/23/2018,18505780
8/22/2018,18965930
8/21/2018,25682700
8/20/2018,30149410
8/17/2018,35034410
8/16/2018,27595310
8/15/2018,28595230
8/14/2018,20679270
8/13/2018,25864510
8/10/2018,24592460
8/9/2018,23389530
8/8/2018,22493750
8/7/2018,25525650
8/6/2018,25396100
8/3/2018,33408050
8/2/2018,62317430
8/1/2018,67812280
7/31/2018,37847260
7/30/2018,20912890
7/27/2018,23975350
7/26/2018,19005150
7/25/2018,16553500
7/24/2018,18680930
7/23/2018,15955820
7/20/2018,20670830
7/19/2018,20182050
7/18/2018,16365720
7/17/2018,15515000
7/16/2018,15009800
7/13/2018,12506830
7/12/2018,18000180
7/11/2018,18776390
7/10/2018,15801370
7/9/2018,19636390
7/6/2018,17426160
7/5/2018,16543880
7/3/2018,13954810
7/2/2018,17675210
6/29/2018,22551660
6/28/2018,17352380
6/27/2018,24987260
6/26/2018,24378480
6/25/2018,31632320
6/22/2018,27185130
6/21/2018,25649240
6/20/2018,20490090
6/19/2018,33538550
6/18/2018,18458410
6/15/2018,61438290
6/14/2018,21584720
6/13/2018,21480120
6/12/2018,16859020
6/11/2018,18069930
6/8/2018,26580710
6/7/2018,21329170
6/6/2018,20912820
6/5/2018,21535570
6/4/2018,26190620
6/1/2018,23377690
5/31/2018,27468700
5/30/2018,18503410
5/29/2018,22409110
5/25/2018,17186760
5/24/2018,23129400
5/23/2018,19966590
5/22/2018,15228270
5/21/2018,18383080
5/18/2018,18083080
5/17/2018,17014490
5/16/2018,19046600
5/15/2018,23639070
5/14/2018,20393070
5/11/2018,26167950
5/10/2018,27942430
5/9/2018,23141260
5/8/2018,28053230
5/7/2018,42557530
5/4/2018,56137230
5/3/2018,33944110
5/2/2018,66454720
5/1/2018,52228910
4/30/2018,41976500
4/27/2018,35617230
4/26/2018,27850370
4/25/2018,28331540
4/24/2018,33674960
4/23/2018,36396590
4/20/2018,65270950
4/19/2018,34693280
4/18/2018,20544600
4/17/2018,26575010
4/16/2018,21561320
4/13/2018,25100510
4/12/2018,22858840
4/11/2018,22401040
4/10/2018,28567110
4/9/2018,28976200
4/6/2018,34949690
4/5/2018,26750260
4/4/2018,34581850
4/3/2018,30237640
4/2/2018,37425640
3/29/2018,38116290
3/28/2018,41464880
3/27/2018,39824200
3/26/2018,36778560
3/23/2018,40984540
3/22/2018,41335980
3/21/2018,36387880
3/20/2018,19620520
3/19/2018,32931110
3/16/2018,38313330
3/15/2018,22676520
3/14/2018,29334630
3/13/2018,31464170
3/12/2018,32191070
3/9/2018,32130360
3/8/2018,24518850
3/7/2018,31686450
3/6/2018,23273160
3/5/2018,27825140
3/2/2018,38426060
3/1/2018,48706170
2/28/2018,37568080
2/27/2018,38885510
2/26/2018,37353670
2/23/2018,33772050
2/22/2018,30953760
2/21/2018,37378070
2/20/2018,33690660
2/16/2018,40113790
2/15/2018,50908540
2/14/2018,40382890
2/13/2018,32483310
2/12/2018,60774900
2/9/2018,70583530
2/8/2018,54145930
2/7/2018,51467440
2/6/2018,68171940
2/5/2018,72215320
2/2/2018,85957050
2/1/2018,44453230
1/31/2018,32234520
1/30/2018,45635470
1/29/2018,50565420
1/26/2018,39075250
1/25/2018,41438280
1/24/2018,51368540
1/23/2018,32395870
1/22/2018,27052000
1/19/2018,31306390
1/18/2018,31087330
1/17/2018,34260230
1/16/2018,29512410
1/12/2018,25302200
1/11/2018,18653380
1/10/2018,23751690
1/9/2018,21532200
1/8/2018,20523870
1/5/2018,23589930
1/4/2018,22342650
1/3/2018,29461040
1/2/2018,25400540
12/29/2017,25938760
12/28/2017,16412270
12/27/2017,21477380
12/26/2017,33113340
12/22/2017,16339690
12/21/2017,20848660
12/20/2017,23451420
12/19/2017,27393660
12/18/2017,29385650
12/15/2017,40122100
12/14/2017,20442740
12/13/2017,23402510
12/12/2017,19088170
12/11/2017,34260890
12/8/2017,23285760
12/7/2017,25656110
12/6/2017,28397810
12/5/2017,27315530
12/4/2017,32512580
12/1/2017,39735110
11/30/2017,41484540
11/29/2017,41459120
11/28/2017,26387240
11/27/2017,20591090
11/24/2017,14026670
11/22/2017,25558680
11/21/2017,25047130
11/20/2017,16041550
11/17/2017,21884010
11/16/2017,23598650
11/15/2017,28998220
11/14/2017,24683350
11/13/2017,16956290
11/10/2017,25129510
11/9/2017,29422610
11/8/2017,24358920
11/7/2017,24332120
11/6/2017,34770480
11/3/2017,59332210
11/2/2017,39668100
11/1/2017,33482970
10/31/2017,35779520
10/30/2017,44651420
10/27/2017,44387770
10/26/2017,16916650
10/25/2017,21175670
10/24/2017,17633730
10/23/2017,21888930
10/20/2017,23907540
10/19/2017,42357420
10/18/2017,16252850
10/17/2017,18969700
10/16/2017,24093300
10/13/2017,16367780
10/12/2017,16380570
10/11/2017,16861450
10/10/2017,15603520
10/9/2017,16243080
10/6/2017,17223790
10/5/2017,21215870
10/4/2017,20088940
10/3/2017,16216800
10/2/2017,18631540
9/29/2017,26204670
9/28/2017,21983410
9/27/2017,25402270
9/26/2017,35907770
9/25/2017,44366140
9/22/2017,46575410
9/21/2017,37350060
9/20/2017,52126240
9/19/2017,20565620
9/18/2017,28157630
9/15/2017,48846060
9/14/2017,23637310
9/13/2017,44866280
9/12/2017,71574560
9/11/2017,31506890
9/8/2017,28411740
9/7/2017,21905160
9/6/2017,21610300
9/5/2017,29491910
9/1/2017,16564340
8/31/2017,26729940
8/30/2017,27215770
8/29/2017,29451050
8/28/2017,25649890
8/25/2017,25184600
8/24/2017,19782170
8/23/2017,19376940
8/22/2017,21564890
8/21/2017,26330070
8/18/2017,27391950
8/17/2017,27377960
8/16/2017,27607370
8/15/2017,29377630
8/14/2017,22074760
8/11/2017,26208970
8/10/2017,39636190
8/9/2017,26060430
8/8/2017,36127490
8/7/2017,21827400
8/4/2017,20514810
8/3/2017,26604140
8/2/2017,69726440
8/1/2017,33669020
7/31/2017,19690420
7/28/2017,17192770
7/27/2017,32429770
7/26/2017,15649120
7/25/2017,18798250
7/24/2017,21466370
7/21/2017,25111310
7/20/2017,17170490
7/19/2017,20859830
7/18/2017,17837130
7/17/2017,23765710
7/14/2017,20117070
7/13/2017,25080500
7/12/2017,24833800
7/11/2017,18647220
7/10/2017,21080580
7/7/2017,18527000
7/6/2017,24110330
7/5/2017,21550270
7/3/2017,14277850
6/30/2017,22986960
6/29/2017,31450520
6/28/2017,22052920
6/27/2017,24725210
6/26/2017,25674500
6/23/2017,35421310
6/22/2017,19082170
6/21/2017,21247590
6/20/2017,24877950
6/19/2017,32203640
6/16/2017,50264540
6/15/2017,31642900
6/14/2017,31454590
6/13/2017,34089190
6/12/2017,72187710
6/9/2017,64782910
6/8/2017,21144040
6/7/2017,21017560
6/6/2017,26591850
6/5/2017,25277680
6/2/2017,27715140
6/1/2017,16383610
5/31/2017,24452750
5/30/2017,20118620
5/26/2017,21895020
5/25/2017,19217810
5/24/2017,19201820
5/23/2017,19906170
5/22/2017,22930630
5/19/2017,26892850
5/18/2017,33520150
5/17/2017,50674280
5/16/2017,19994270
5/15/2017,25912270
5/12/2017,32493770
5/11/2017,27236290
5/10/2017,25779060
5/9/2017,38907940
5/8/2017,48670440
5/5/2017,27254850
5/4/2017,23345970
5/3/2017,45579740
5/2/2017,44182930
5/1/2017,33498270
4/28/2017,20783460
4/27/2017,14198660
4/26/2017,19998050
4/25/2017,18325720
4/24/2017,17117710
4/21/2017,17290900
4/20/2017,23294040
4/19/2017,17302160
4/18/2017,14676420
4/17/2017,16529130
4/13/2017,17775510
4/12/2017,20320420
4/11/2017,30341520
4/10/2017,18904680
4/7/2017,16658660
4/6/2017,21131040
4/5/2017,27649500
4/4/2017,19865300
4/3/2017,19970040
3/31/2017,19576480
3/30/2017,21189000
3/29/2017,29174040
3/28/2017,33348400
3/27/2017,23531670
3/24/2017,22355140
3/23/2017,20299310
3/22/2017,25804820
3/21/2017,39461130
3/20/2017,21258100
3/17/2017,43700570
3/16/2017,19173780
3/15/2017,25676720
3/14/2017,15281850
3/13/2017,17048800
3/10/2017,19578920
3/9/2017,22117750
3/8/2017,18695500
3/7/2017,17439210
3/6/2017,21229890
3/3/2017,21555370
3/2/2017,26170690
3/1/2017,36362440
2/28/2017,23446340
2/27/2017,20222210
2/24/2017,21754600
2/23/2017,20762360
2/22/2017,20769030
2/21/2017,24487200
2/17/2017,22163280
2/16/2017,22539860
2/15/2017,35578640
2/14/2017,33054500
2/13/2017,22989980
2/10/2017,20046250
2/9/2017,28321440
2/8/2017,22941650
2/7/2017,38158410
2/6/2017,26784530
2/3/2017,24460160
2/2/2017,33671250
2/1/2017,111837300
1/31/2017,47767760
1/30/2017,30327110
1/27/2017,20495340
1/26/2017,26320740
1/25/2017,32417410
1/24/2017,23191150
1/23/2017,21982000
1/20/2017,29922650
1/19/2017,25554290
1/18/2017,23687350
1/17/2017,34412090
1/13/2017,26083030
1/12/2017,27057550
1/11/2017,27453130
1/10/2017,24432660
1/9/2017,33420290
1/6/2017,31714820
1/5/2017,22115100
1/4/2017,21081620
1/3/2017,28769220
12/30/2016,30555900
12/29/2016,14979680
12/28/2016,20686510
12/27/2016,18131970
12/23/2016,14244050
12/22/2016,26043820
12/21/2016,23724430
12/20/2016,21337310
12/19/2016,27756760
12/16/2016,44284660
12/15/2016,46286150
12/14/2016,33962370
12/13/2016,43293350
12/12/2016,26176690
12/9/2016,34324350
12/8/2016,27049830
12/7/2016,29976030
12/6/2016,26160560
12/5/2016,34113880
12/2/2016,26481320
12/1/2016,37034520
11/30/2016,36151450
11/29/2016,28507780
11/28/2016,27054320
11/25/2016,11475920
11/23/2016,27420550
11/22/2016,25931710
11/21/2016,29164190
11/18/2016,28310840
11/17/2016,27623150
11/16/2016,58724080
11/15/2016,32230590
11/14/2016,50901380
11/11/2016,34117030
11/10/2016,57097740
11/9/2016,59118740
11/8/2016,24129630
11/7/2016,32361930
11/4/2016,30790930
11/3/2016,26538700
11/2/2016,28174980
11/1/2016,43403760
10/31/2016,26378910
10/28/2016,36792100
10/27/2016,31396130
10/26/2016,66028640
10/25/2016,46820600
10/24/2016,23492650
10/21/2016,22527690
10/20/2016,24100150
10/19/2016,19977160
10/18/2016,24308210
10/17/2016,23583810
10/14/2016,35626020
10/13/2016,35041820
10/12/2016,37512930
10/11/2016,63963010
10/10/2016,36087910
10/7/2016,24336440
10/6/2016,28508710
10/5/2016,21400410
10/4/2016,29707270
10/3/2016,21634520
9/30/2016,36340670
9/29/2016,35850010
9/28/2016,29608390
9/27/2016,24587490
9/26/2016,29800240
9/23/2016,52411070
9/22/2016,31048170
9/21/2016,35951900
9/20/2016,34494150
9/19/2016,46937190
9/16/2016,79763890
9/15/2016,90398170
9/14/2016,111186900
9/13/2016,62080160
9/12/2016,45114590
9/9/2016,46461610
9/8/2016,52955310
9/7/2016,42250480
9/6/2016,26645130
9/2/2016,26393770
9/1/2016,26675250
8/31/2016,31639010
8/30/2016,24817940
8/29/2016,24900130
8/26/2016,27744300
8/25/2016,25001730
8/24/2016,23606240
8/23/2016,21236850
8/22/2016,25784420
8/19/2016,25108890
8/18/2016,21918340
8/17/2016,25328680
8/16/2016,33754680
8/15/2016,25704330
8/12/2016,18648700
8/11/2016,27460070
8/10/2016,23839880
8/9/2016,26296260
8/8/2016,28010430
8/5/2016,39546610
8/4/2016,26781730
8/3/2016,30148360
8/2/2016,33770220
8/1/2016,38018910
7/29/2016,27697970
7/28/2016,38771840
7/27/2016,92143920
7/26/2016,53454620
7/25/2016,40290580
7/22/2016,28218240
7/21/2016,32690080
7/20/2016,26219110
7/19/2016,23766360
7/18/2016,36464530
7/15/2016,30031410
7/14/2016,38885980
7/13/2016,25879680
7/12/2016,24129530
7/11/2016,23317990
7/8/2016,28877500
7/7/2016,24460850
7/6/2016,30877540
7/5/2016,27553750
7/1/2016,25982080
6/30/2016,35783320
6/29/2016,36505420
6/28/2016,40387960
6/27/2016,45595680
6/24/2016,75219710
6/23/2016,32042290
6/22/2016,29124140
6/21/2016,35407050
6/20/2016,34355970
6/17/2016,60793260
6/16/2016,31251870
6/15/2016,29373050
6/14/2016,31890740
6/13/2016,37708360
6/10/2016,31672220
6/9/2016,26575570
6/8/2016,20839950
6/7/2016,22378380
6/6/2016,23265200
6/3/2016,28487570
6/2/2016,40170200
6/1/2016,29139100
5/31/2016,42268040
5/27/2016,36299460
5/26/2016,56293490
5/25/2016,38258300
5/24/2016,35074380
5/23/2016,37977020
5/20/2016,31834020
5/19/2016,30417880
5/18/2016,42009830
5/17/2016,46858910
5/16/2016,61192340
5/13/2016,44223040
5/12/2016,76183460
5/11/2016,28641180
5/10/2016,33653020
5/9/2016,32895650
5/6/2016,43665160
5/5/2016,35850220
5/4/2016,40984160
5/3/2016,56770080
5/2/2016,47844490
4/29/2016,68388840
4/28/2016,82107120
4/27/2016,114436300
4/26/2016,52979780
4/25/2016,27997990
4/22/2016,33655810
4/21/2016,31416910
4/20/2016,30576980
4/19/2016,32340620
4/18/2016,60784920
4/15/2016,46873670
4/14/2016,25364920
4/13/2016,32771760
4/12/2016,27150570
4/11/2016,29357940
4/8/2016,23553790
4/7/2016,31735810
4/6/2016,26178840
4/5/2016,26560420
4/4/2016,37322930
4/1/2016,25820460
3/31/2016,25763840
3/30/2016,45547590
3/29/2016,31154910
3/28/2016,19354440
3/24/2016,25568350
3/23/2016,25686350
3/22/2016,32345430
3/21/2016,35454230
3/18/2016,43607120
3/17/2016,34394830
3/16/2016,38236730
3/15/2016,40026250
3/14/2016,25058280
3/11/2016,27368840
3/10/2016,33490630
3/9/2016,27148530
3/8/2016,31538710
3/7/2016,35890740
3/4/2016,46026600
3/3/2016,36884490
3/2/2016,33136130
3/1/2016,50303500
2/29/2016,35131460
2/26/2016,28949760
2/25/2016,27526040
2/24/2016,36192150
2/23/2016,31851180
2/22/2016,34240470
2/19/2016,35290570
2/18/2016,38866100
2/17/2016,44811800
2/16/2016,48032600
2/12/2016,40323020
2/11/2016,49979700
2/10/2016,42288790
2/9/2016,44282560
2/8/2016,53920550
2/5/2016,46315620
2/4/2016,46418230
2/3/2016,45870130
2/2/2016,37190500
2/1/2016,40814360
1/29/2016,64332440
1/28/2016,55622370
1/27/2016,133059000
1/26/2016,71937310
1/25/2016,51529980
1/22/2016,65648660
1/21/2016,52099200
1/20/2016,72274300
1/19/2016,52960810
1/15/2016,79356010
1/14/2016,63000140
1/13/2016,62285770
1/12/2016,49046150
1/11/2016,49687870
1/8/2016,70722000
1/7/2016,80742460
1/6/2016,68384270
1/5/2016,55583140
1/4/2016,67569090
12/31/2015,40885480
12/30/2015,25184090
12/29/2015,30912260
12/28/2015,26639930
12/24/2015,13596680
12/23/2015,32618140
12/22/2015,32728460
12/21/2015,47507230
12/18/2015,96197190
12/17/2015,44654830
12/16/2015,56157370
12/15/2015,53168580
12/14/2015,64678220
12/11/2015,46810020
12/10/2015,29158640
12/9/2015,46301930
12/8/2015,34275420
12/7/2015,32063100
12/4/2015,57717870
12/3/2015,41511380
12/2/2015,33316990
12/1/2015,34806250
11/30/2015,38063130
11/27/2015,13046450
11/25/2015,21341960
11/24/2015,42747950
11/23/2015,32445680
11/20/2015,34135230
11/19/2015,43233950
11/18/2015,46559730
11/17/2015,27584020
11/16/2015,37979570
11/13/2015,45555300
11/12/2015,32461350
11/11/2015,45179400
11/10/2015,59029400
11/9/2015,33829290
11/6/2015,33009110
11/5/2015,39483400
11/4/2015,44829060
11/3/2015,45479260
11/2/2015,32152870
10/30/2015,49305220
10/29/2015,51106100
10/28/2015,85436210
10/27/2015,67673450
10/26/2015,66139770
10/23/2015,59251740
10/22/2015,41430660
10/21/2015,42276880
10/20/2015,48929200
10/19/2015,29723750
10/16/2015,38794930
10/15/2015,37622200
10/14/2015,44434220
10/13/2015,32970790
10/12/2015,30386830
10/9/2015,52720620
10/8/2015,61747260
10/7/2015,46717770
10/6/2015,48702200
10/5/2015,52033100
10/2/2015,57774940
10/1/2015,63849470
9/30/2015,66300930
9/29/2015,73230280
9/28/2015,51861990
9/25/2015,56005550
9/24/2015,50061580
9/23/2015,35678360
9/22/2015,50278030
9/21/2015,46594220
9/18/2015,73991000
9/17/2015,63712340
9/16/2015,37080720
9/15/2015,43218350
9/14/2015,58279570
9/11/2015,49793750
9/10/2015,62800770
9/9/2015,84757780
9/8/2015,54507300
9/4/2015,49904460
9/3/2015,53142590
9/2/2015,61681250
9/1/2015,76562170
8/31/2015,56111590
8/28/2015,53075960
8/27/2015,83825220
8/26/2015,96531890
8/25/2015,102731700
8/24/2015,161882500
8/21/2015,127246600
8/20/2015,68176940
8/19/2015,48079330
8/18/2015,34525630
8/17/2015,40827260
8/14/2015,42876370
8/13/2015,48407640
8/12/2015,101593400
8/11/2015,96820670
8/10/2015,54851010
8/7/2015,38610120
8/6/2015,52828890
8/5/2015,99202400
8/4/2015,123601900
8/3/2015,69639900
7/31/2015,42832890
7/30/2015,33400950
7/29/2015,36912040
7/28/2015,33570380
7/27/2015,44371580
7/24/2015,42090320
7/23/2015,50832950
7/22/2015,115288400
7/21/2015,73006780
7/20/2015,55204920
7/17/2015,45970470
7/16/2015,35987630
7/15/2015,33559770
7/14/2015,31695870
7/13/2015,41365600
7/10/2015,61292800
7/9/2015,78291510
7/8/2015,60609830
7/7/2015,46737090
7/6/2015,27972950
7/2/2015,27171180
7/1/2015,30206890
6/30/2015,44326050
6/29/2015,49043410
6/26/2015,43986290
6/25/2015,31872390
6/24/2015,55077520
6/23/2015,30192140
6/22/2015,33976180
6/19/2015,54361530
6/18/2015,35363990
6/17/2015,32858900
6/16/2015,31443650
6/15/2015,43896960
6/12/2015,36826260
6/11/2015,35344520
6/10/2015,39029190
6/9/2015,56002840
6/8/2015,52609900
6/5/2015,35577760
6/4/2015,38335980
6/3/2015,30939810
6/2/2015,33595980
6/1/2015,32016020
5/29/2015,50474170
5/28/2015,30678840
5/27/2015,45771120
5/26/2015,70544670
5/22/2015,45469340
5/21/2015,39589780
5/20/2015,36261170
5/19/2015,44395440
5/18/2015,50723240
5/15/2015,38128470
5/14/2015,45123920
5/13/2015,34611600
5/12/2015,48073450
5/11/2015,41920740
5/8/2015,55473820
5/7/2015,42653920
5/6/2015,72037370
5/5/2015,49127770
5/4/2015,50905020
5/1/2015,57349000
4/30/2015,82924980
4/29/2015,63063240
4/28/2015,118693700
4/27/2015,95084260
4/24/2015,44209710
4/23/2015,45596690
4/22/2015,37575420
4/21/2015,32341380
4/20/2015,46975110
4/17/2015,51481310
4/16/2015,28020240
4/15/2015,28922420
4/14/2015,25418280
4/13/2015,36248620
4/10/2015,40125760
4/9/2015,32244360
4/8/2015,37272090
4/7/2015,34894810
4/6/2015,36917490
4/2/2015,32171410
4/1/2015,40463140
3/31/2015,42019420
3/30/2015,46974980
3/27/2015,39471720
3/26/2015,47409610
3/25/2015,51505600
3/24/2015,32747200
3/23/2015,37597600
3/20/2015,68516180
3/19/2015,45674520
3/18/2015,65118170
3/17/2015,50891230
3/16/2015,35816300
3/13/2015,51744670
3/12/2015,48233270
3/11/2015,68812690
3/10/2015,68720360
3/9/2015,88410240
3/6/2015,72699680
3/5/2015,56391280
3/4/2015,31588480
3/3/2015,37749900
3/2/2015,48042680
2/27/2015,61931350
2/26/2015,91171830
2/25/2015,74555120
2/24/2015,69109410
2/23/2015,73089250
2/20/2015,48878410
2/19/2015,37295460
2/18/2015,44695980
2/17/2015,63014110
2/13/2015,53955650
2/12/2015,74374630
2/11/2015,73278020
2/10/2015,61845390
2/9/2015,37900780
2/6/2015,43633660
2/5/2015,42197110
2/4/2015,69975180
2/3/2015,51842080
2/2/2015,62542440
1/30/2015,83646800
1/29/2015,84132130
1/28/2015,146184300
1/27/2015,92326640
1/26/2015,55457420
1/23/2015,46420020
1/22/2015,53717440
1/21/2015,48482860
1/20/2015,49742320
1/16/2015,78453330
1/15/2015,59808470
1/14/2015,48728190
1/13/2015,66969980
1/12/2015,49571170
1/9/2015,53645730
1/8/2015,59168760
1/7/2015,39983350
1/6/2015,65682250
1/5/2015,64210880
1/2/2015,53143770
12/31/2014,41304780
12/30/2014,29798660
12/29/2014,27533430
12/26/2014,33681200
12/24/2014,14479610
12/23/2014,25991030
12/22/2014,45097060
12/19/2014,86595830
12/18/2014,58785590
12/17/2014,53265930
12/16/2014,60651790
12/15/2014,67083260
12/12/2014,55873820
12/11/2014,41404690
12/10/2014,44475360
12/9/2014,60112240
12/8/2014,57445030
12/5/2014,38230970
12/4/2014,42068020
12/3/2014,42956200
12/2/2014,59205320
12/1/2014,83657780
11/28/2014,24814400
11/26/2014,40756950
11/25/2014,68719930
11/24/2014,46867340
11/21/2014,56759320
11/20/2014,43148650
11/19/2014,41815550
11/18/2014,44163250
11/17/2014,46687710
11/14/2014,43789060
11/13/2014,59418180
11/12/2014,46372630
11/11/2014,27330410
11/10/2014,27066060
11/7/2014,33655280
11/6/2014,34733740
11/5/2014,37365530
11/4/2014,41423660
11/3/2014,52154490
10/31/2014,44550790
10/30/2014,40572000
10/29/2014,52545580
10/28/2014,47689070
10/27/2014,34086120
10/24/2014,46937880
10/23/2014,70760150
10/22/2014,68140010
10/21/2014,93786680
10/20/2014,75705040
10/17/2014,67723910
10/16/2014,72017830
10/15/2014,99942790
10/14/2014,63287170
10/13/2014,53437060
10/10/2014,66249770
10/9/2014,77283330
10/8/2014,57329820
10/7/2014,42003200
10/6/2014,36780620
10/3/2014,43419580
10/2/2014,47697150
10/1/2014,51400260
9/30/2014,55119980
9/29/2014,49263260
9/26/2014,62276770
9/25/2014,99689300
9/24/2014,59974260
9/23/2014,63255860
9/22/2014,52421660
9/19/2014,70747430
9/18/2014,36971170
9/17/2014,60783090
9/16/2014,66754370
9/15/2014,61169670
9/12/2014,62826040
9/11/2014,62077230
9/10/2014,100352500
9/9/2014,189419500
9/8/2014,46176570
9/5/2014,58280030
9/4/2014,85537710
9/3/2014,125000400
9/2/2014,53227770
8/29/2014,44516120
8/28/2014,68368740
8/27/2014,46807000
8/26/2014,33079170
8/25/2014,40087220
8/22/2014,44028280
8/21/2014,33377530
8/20/2014,52565000
8/19/2014,69189840
8/18/2014,47285630
8/15/2014,48938120
8/14/2014,28056530
8/13/2014,31866630
8/12/2014,33485870
8/11/2014,36459430
8/8/2014,41783300
8/7/2014,46553350
8/6/2014,38463700
8/5/2014,55861030
8/4/2014,39860740
8/1/2014,48379730
7/31/2014,56625420
7/30/2014,32978480
7/29/2014,42957960
7/28/2014,54926940
7/25/2014,43384590
7/24/2014,45609040
7/23/2014,90937230
7/22/2014,54297530
7/21/2014,38792960
7/18/2014,49838110
7/17/2014,57111160
7/16/2014,53323940
7/15/2014,45187420
7/14/2014,42643760
7/11/2014,33960300
7/10/2014,39633800
7/9/2014,36267350
7/8/2014,65111960
7/7/2014,54809030
7/3/2014,22891750
7/2/2014,28414310
7/1/2014,38156280
6/30/2014,49474230
6/27/2014,61758200
6/26/2014,32528680
6/25/2014,36835900
6/24/2014,38977670
6/23/2014,43611710
6/20/2014,100478600
6/19/2014,35476080
6/18/2014,33314720
6/17/2014,29684620
6/16/2014,35371460
6/13/2014,54406640
6/12/2014,54628650
6/11/2014,45528740
6/10/2014,62563070
6/9/2014,75295450
6/6/2014,87403076
6/5/2014,75796583
6/4/2014,83735285
6/3/2014,73043412
6/2/2014,92179668
5/30/2014,140860202
5/29/2014,93737728
5/28/2014,78793704
5/27/2014,86840486
5/23/2014,57918367
5/22/2014,50142667
5/21/2014,49184983
5/20/2014,58232373
5/19/2014,78819884
5/16/2014,68960136
5/15/2014,57427744
5/14/2014,41505203
5/13/2014,39854512
5/12/2014,53184042
5/9/2014,72767192
5/8/2014,57243511
5/7/2014,70532231
5/6/2014,93468228
5/5/2014,71523851
5/2/2014,47673150
5/1/2014,60958860
4/30/2014,114029614
4/29/2014,84049445
4/28/2014,167001640
4/25/2014,97435199
4/24/2014,189588407
4/23/2014,93473618
4/22/2014,50607747
4/21/2014,45546494
4/17/2014,70978621
4/16/2014,52515794
4/15/2014,66461884
4/14/2014,51252748
4/11/2014,67920698
4/10/2014,59701814
4/9/2014,51357706
4/8/2014,60880929
4/7/2014,72146992
4/4/2014,68615246
4/3/2014,40472773
4/2/2014,44803807
4/1/2014,50069657
3/31/2014,41787976
3/28/2014,49703046
3/27/2014,55330425
3/26/2014,74394902
3/25/2014,70284361
3/24/2014,88674487
3/21/2014,93431688
3/20/2014,52017415
3/19/2014,56077605
3/18/2014,52279152
3/17/2014,49725201
3/14/2014,59166181
3/13/2014,64314038
3/12/2014,49819071
3/11/2014,69791288
3/10/2014,44638950
3/7/2014,55164427
3/6/2014,46363282
3/5/2014,50000910
3/4/2014,64772440
3/3/2014,59671581
2/28/2014,92930208
2/27/2014,75444623
2/26/2014,69024270
2/25/2014,57961606
2/24/2014,72208942
2/21/2014,69688045
2/20/2014,76457383
2/19/2014,78415914
2/18/2014,65048101
2/14/2014,68395257
2/13/2014,76790093
2/12/2014,76994423
2/11/2014,70489461
2/10/2014,86342646
2/7/2014,93444918
2/6/2014,64415139
2/5/2014,82072855
2/4/2014,94166758
2/3/2014,100347900
1/31/2014,116191705
1/30/2014,169602001
1/29/2014,125679438
1/28/2014,266302550
1/27/2014,135926881
1/24/2014,107943182
1/23/2014,100803600
1/22/2014,94941728
1/21/2014,81897015
1/17/2014,106660852
1/16/2014,57313035
1/15/2014,97888589
1/14/2014,83082535
1/13/2014,94612448
1/10/2014,76235553
1/9/2014,69762819
1/8/2014,64158428
1/7/2014,80172914
1/6/2014,103132361
1/3/2014,98046999
1/2/2014,58661530
12/31/2013,55761100
12/30/2013,63265305
12/27/2013,56385717
12/26/2013,50906710
12/24/2013,41888748
12/23/2013,125072328
12/20/2013,108738663
12/19/2013,79939814
12/18/2013,141217062
12/17/2013,57137328
12/16/2013,70547981
12/13/2013,82974455
12/12/2013,65465763
12/11/2013,89783987
12/10/2013,69101620
12/9/2013,79945274
12/6/2013,85919076
12/5/2013,111600823
12/4/2013,94279248
12/3/2013,112338274
12/2/2013,117918255
11/29/2013,79532274
11/27/2013,90644497
11/26/2013,99957720
11/25/2013,57270811
11/22/2013,55833466
11/21/2013,65382638
11/20/2013,48459468
11/19/2013,52105335
11/18/2013,60997871
11/15/2013,79339984
11/14/2013,70401611
11/13/2013,49154022
11/12/2013,51067815
11/11/2013,56747589
11/8/2013,69617240
11/7/2013,65542966
11/6/2013,55716622
11/5/2013,66243519
11/4/2013,61011871
11/1/2013,68524519
10/31/2013,68774804
10/30/2013,88125406
10/29/2013,158499648
10/28/2013,124205797
10/25/2013,84316215
10/24/2013,96004539
10/23/2013,78237833
10/22/2013,133200030
10/21/2013,98700380
10/18/2013,72195292
10/17/2013,63116954
10/16/2013,62449609
10/15/2013,79715744
10/14/2013,65216780
10/11/2013,66797100
10/10/2013,69186523
10/9/2013,75304273
10/8/2013,72260532
10/7/2013,77889233
10/4/2013,64638089
10/3/2013,78802384
10/2/2013,71799162
10/1/2013,88194286
9/30/2013,64764985
9/27/2013,56787853
9/26/2013,59050786
9/25/2013,79011544
9/24/2013,90481397
9/23/2013,189942957
9/20/2013,174425492
9/19/2013,100811930
9/18/2013,113636704
9/17/2013,99704600
9/16/2013,136563951
9/13/2013,74495492
9/12/2013,100856800
9/11/2013,224172687
9/10/2013,185372026
9/9/2013,84479315
9/6/2013,89482147
9/5/2013,58779242
9/4/2013,86016026
9/3/2013,82966965
8/30/2013,68053649
8/29/2013,59804259
8/28/2013,76746763
8/27/2013,105846822
8/26/2013,82354395
8/23/2013,55559766
8/22/2013,60866474
8/21/2013,83783025
8/20/2013,89508677
8/19/2013,127401718
8/16/2013,90314517
8/15/2013,122386917
8/14/2013,188427037
8/13/2013,219450906
8/12/2013,90984207
8/9/2013,66643940
8/8/2013,63939790
8/7/2013,74622262
8/6/2013,83703085
8/5/2013,79577704
8/2/2013,68411287
8/1/2013,51386070
7/31/2013,80624904
7/30/2013,77240193
7/29/2013,62006404
7/26/2013,50020601
7/25/2013,57358143
7/24/2013,147906334
7/23/2013,88619467
7/22/2013,51912282
7/19/2013,67137272
7/18/2013,54658172
7/17/2013,49737479
7/16/2013,54028599
7/15/2013,60473991
7/12/2013,69863934
7/11/2013,81567174
7/10/2013,70064141
7/9/2013,88135556
7/8/2013,74476172
7/5/2013,68482701
7/3/2013,60232176
7/2/2013,117427695
7/1/2013,97736269
6/28/2013,144584903
6/27/2013,84237745
6/26/2013,91911848
6/25/2013,78533304
6/24/2013,120047026
6/21/2013,120212576
6/20/2013,89321357
6/19/2013,77690993
6/18/2013,48375328
6/17/2013,64784564
6/14/2013,67955299
6/13/2013,71449021
6/12/2013,66270567
6/11/2013,71515731
6/10/2013,112489474
6/7/2013,101081990
6/6/2013,104167451
6/5/2013,72524432
6/4/2013,72575322
6/3/2013,92900598
5/31/2013,95688069
5/30/2013,88354937
5/29/2013,82553265
5/28/2013,96311559
5/24/2013,69009031
5/23/2013,88239856
5/22/2013,110682773
5/21/2013,113917824
5/20/2013,112529584
5/17/2013,106966262
5/16/2013,150737695
5/15/2013,185168956
5/14/2013,111617413
5/13/2013,79216224
5/10/2013,83615305
5/9/2013,99448260
5/8/2013,117977895
5/7/2013,120467656
5/6/2013,123979417
5/3/2013,90287637
5/2/2013,105409532
5/1/2013,126694438
4/30/2013,172699362
4/29/2013,159929048
4/26/2013,190977767
4/25/2013,95958899
4/24/2013,242352533
4/23/2013,150492275
4/22/2013,107226032
4/19/2013,152132166
4/18/2013,166414970
4/17/2013,236094111
4/16/2013,76203143
4/15/2013,79101214
4/12/2013,59634201
4/11/2013,82064315
4/10/2013,93883258
4/9/2013,76595913
4/8/2013,75145863
4/5/2013,95724469
4/4/2013,89574827
4/3/2013,90550837
4/2/2013,132255450
4/1/2013,97168149
3/28/2013,110618443
3/27/2013,81772975
3/26/2013,73390892
3/25/2013,124980207
3/22/2013,98261129
3/21/2013,95484439
3/20/2013,76980353
3/19/2013,131468929
3/18/2013,149961185
3/15/2013,160587468
3/14/2013,75801483
3/13/2013,101314460
3/12/2013,116142145
3/11/2013,118221425
3/8/2013,97466769
3/7/2013,116969895
3/6/2013,114860374
3/5/2013,159227158
3/4/2013,144332343
3/1/2013,137819681
2/28/2013,80512484
2/27/2013,146554914
2/26/2013,125040618
2/25/2013,92813518
2/22/2013,82560265
2/21/2013,111563653
2/20/2013,118823076
2/19/2013,108820003
2/15/2013,97873819
2/14/2013,88785717
2/13/2013,118682866
2/12/2013,151743386
2/11/2013,128206578
2/8/2013,158143417
2/7/2013,175627813
2/6/2013,148003914
2/5/2013,142959083
2/4/2013,119044766
2/1/2013,134704470
1/31/2013,79445474
1/30/2013,104140851
1/29/2013,142486933
1/28/2013,195771859
1/25/2013,301617420
1/24/2013,364459099
1/23/2013,191090117
1/22/2013,114745924
1/18/2013,116987465
1/17/2013,112900444
1/16/2013,172393952
1/15/2013,217802615
1/14/2013,183021145
1/11/2013,87569116
1/10/2013,149986665
1/9/2013,101748741
1/8/2013,114451364
1/7/2013,120838376
1/4/2013,148374285
1/3/2013,88054216
1/2/2013,139906732
12/31/2012,164519649
12/28/2012,88117426
12/27/2012,113575314
12/26/2012,75475003
12/24/2012,43936990
12/21/2012,148609695
12/20/2012,120153986
12/19/2012,112061074
12/18/2012,156143657
12/17/2012,189181917
12/14/2012,252115436
12/13/2012,155971877
12/12/2012,121630216
12/11/2012,147820794
12/10/2012,157477787
12/7/2012,196603459
12/6/2012,294065958
12/5/2012,259803118
12/4/2012,138712182
12/3/2012,90911547
11/30/2012,97622309
11/29/2012,128394879
11/28/2012,130112749
11/27/2012,133099650
11/26/2012,157238387
11/23/2012,68206599
11/21/2012,93231278
11/20/2012,160537558
11/19/2012,205441312
11/16/2012,316194785
11/15/2012,197157859
11/14/2012,119026076
11/13/2012,133201920
11/12/2012,128801509
11/9/2012,232298080
11/8/2012,263467059
11/7/2012,198152419
11/6/2012,93580438
11/5/2012,132221850
11/2/2012,149722555
11/1/2012,90287637
10/31/2012,127361118
10/26/2012,254608276
10/25/2012,159313328
10/24/2012,139246492
10/23/2012,176497913
10/22/2012,136374671
10/19/2012,185618286
10/18/2012,119025656
10/17/2012,97195099
10/16/2012,137208791
10/15/2012,107948432
10/12/2012,114883754
10/11/2012,136341211
10/10/2012,127322338
10/9/2012,209390853
10/8/2012,159189568
10/5/2012,148189554
10/4/2012,92516018
10/3/2012,105850532
10/2/2012,156293037
10/1/2012,135694481
9/28/2012,133569490
9/27/2012,148037514
9/26/2012,144088393
9/25/2012,129376629
9/24/2012,159435968
9/21/2012,142582763
9/20/2012,83949835
9/19/2012,81575714
9/18/2012,93139368
9/17/2012,98918360
9/14/2012,149877325
9/13/2012,149262095
9/12/2012,177589913
9/11/2012,125760918
9/10/2012,121551956
9/7/2012,82228185
9/6/2012,97738999
9/5/2012,83949835
9/4/2012,91805028
8/31/2012,84463495
8/30/2012,75514273
8/29/2012,50544551
8/28/2012,66709096
8/27/2012,106575802
8/24/2012,107074132
8/23/2012,104855271
8/22/2012,140900172
8/21/2012,202792581
8/20/2012,152992536
8/17/2012,110457373
8/16/2012,63601368
8/15/2012,64307325
8/14/2012,84939075
8/13/2012,69562052
8/10/2012,48726623
8/9/2012,55081834
8/8/2012,60970746
8/7/2012,72558872
8/6/2012,75488233
8/3/2012,86083296
8/2/2012,83023385
8/1/2012,96002719
7/31/2012,115373055
7/30/2012,94626868
7/27/2012,100956620
7/26/2012,101611050
7/25/2012,219211506
7/24/2012,137351661
7/23/2012,121642186
7/20/2012,99227200
7/19/2012,108981913
7/18/2012,62685509
7/17/2012,73378782
7/16/2012,75263813
7/13/2012,77827633
7/12/2012,106873442
7/11/2012,117068665
7/10/2012,127763688
7/9/2012,94701768
7/6/2012,104693151
7/5/2012,120978516
7/3/2012,60428183
7/2/2012,99806940
6/29/2012,105131912
6/28/2012,70572061
6/27/2012,50737114
6/26/2012,69124972
6/25/2012,75963043
6/22/2012,70792001
6/21/2012,81511944
6/20/2012,89706357
6/19/2012,90239127
6/18/2012,109922713
6/15/2012,83596545
6/14/2012,86325986
6/13/2012,73380042
6/12/2012,108784723
6/11/2012,147605824
6/8/2012,86587996
6/7/2012,94916808
6/6/2012,100135800
6/5/2012,96944429
6/4/2012,138991972
6/1/2012,130080689
5/31/2012,122817347
5/30/2012,132188320
5/29/2012,94973228
5/25/2012,81958125
5/24/2012,123856147
5/23/2012,145594164
5/22/2012,173417772
5/21/2012,157250007
5/18/2012,182773345
5/17/2012,178603164
5/16/2012,139914782
5/15/2012,118859546
5/14/2012,87975396
5/11/2012,99653570
5/10/2012,83026395
5/9/2012,120022806
5/8/2012,124080357
5/7/2012,114959564
5/4/2012,132304520
5/3/2012,97380669
5/2/2012,106750312
5/1/2012,152492176
4/30/2012,126321688
4/27/2012,101533910
4/26/2012,133588810
4/25/2012,225862488
4/24/2012,263552249
4/23/2012,241398292
4/20/2012,257480867
4/19/2012,208302982
4/18/2012,238277411
4/17/2012,255328647
4/16/2012,262356159
4/13/2012,214640084
4/12/2012,153188746
4/11/2012,173844142
4/10/2012,221909237
4/9/2012,149052655
4/5/2012,159997578
4/4/2012,142980433
4/3/2012,208117692
4/2/2012,149091365
3/30/2012,182067395
3/29/2012,151111705
3/28/2012,163667329
3/27/2012,151353625
3/26/2012,148719035
3/23/2012,107403062
3/22/2012,155867437
3/21/2012,160447118
3/20/2012,203497481
3/19/2012,224435817
3/16/2012,206076492
3/15/2012,289496777
3/14/2012,353599156
3/13/2012,172173592
3/12/2012,101001000
3/9/2012,104560151
3/8/2012,128668929
3/7/2012,198964910
3/6/2012,202211301
3/5/2012,201797181
3/2/2012,107544392
3/1/2012,170563731
2/29/2012,237448891
2/28/2012,149434575
2/27/2012,136457481
2/24/2012,103715531
2/23/2012,141721973
2/22/2012,120564116
2/21/2012,150412545
2/17/2012,133666300
2/16/2012,235805641
2/15/2012,374517892
2/14/2012,114963904
2/13/2012,128970559
2/10/2012,157587127
2/9/2012,220416976
2/8/2012,101696381
2/7/2012,78941684
2/6/2012,62225658
2/3/2012,71618981
2/2/2012,46615058
2/1/2012,67269418
1/31/2012,97874379
1/30/2012,94626868
1/27/2012,74902122
1/26/2012,80913094
1/25/2012,239249712
1/24/2012,127725188
1/23/2012,76162193
1/20/2012,103061661
1/19/2012,65151043
1/18/2012,68859875
1/17/2012,60589792
1/13/2012,56446393
1/12/2012,53125179
1/11/2012,53739093
1/10/2012,64474443
1/9/2012,98339110
1/6/2012,79538994
1/5/2012,67606475
1/4/2012,64703000
1/3/2012,75476123
12/30/2011,44900596
12/29/2011,53774275
12/28/2011,57101943
12/27/2011,66234181
12/23/2011,67331438
12/22/2011,50399476
12/21/2011,65476620
12/20/2011,84150665
12/19/2011,58582206
12/16/2011,105291372
12/15/2011,64036768
12/14/2011,101456840
12/13/2011,84620155
12/12/2011,74755332
12/9/2011,74176572
12/8/2011,93960468
12/7/2011,76144063
12/6/2011,70841701
12/5/2011,89257027
12/2/2011,94724238
12/1/2011,95857679
11/30/2011,101253000
11/29/2011,93871498
11/28/2011,86538996
11/25/2011,63689820
11/23/2011,107011272
11/22/2011,102201781
11/21/2011,111837844
11/18/2011,92964578
11/17/2011,119918436
11/16/2011,87102636
11/15/2011,107614952
11/14/2011,108182162
11/11/2011,163319499
11/10/2011,186111226
11/9/2011,139385792
11/8/2011,99898290
11/7/2011,67411392
11/4/2011,75324993
11/3/2011,110279293
11/2/2011,81719705
11/1/2011,132769740
10/31/2011,96335779
10/28/2011,80540134
10/27/2011,123496347
10/26/2011,113884784
10/25/2011,107432952
10/24/2011,125430938
10/21/2011,154943506
10/20/2011,137224191
10/19/2011,275674643
10/18/2011,213231124
10/17/2011,171172941
10/14/2011,142922473
10/13/2011,105774372
10/12/2011,155337537
10/11/2011,151188005
10/10/2011,110141043
10/7/2011,133849140
10/6/2011,202875671
10/5/2011,196160359
10/4/2011,308080802
10/3/2011,166972660
9/30/2011,136874891
9/29/2011,162647149
9/28/2011,107310242
9/27/2011,157716487
9/26/2011,203032191
9/23/2011,136487861
9/22/2011,241788403
9/21/2011,150996555
9/20/2011,193493638
9/19/2011,205318042
9/16/2011,173859192
9/15/2011,103610951
9/14/2011,133540370
9/13/2011,110052633
9/12/2011,116765635
9/9/2011,141166172
9/8/2011,103837961
9/7/2011,87373746
9/6/2011,127132428
9/2/2011,109691503
9/1/2011,85770886
8/31/2011,130506429
8/30/2011,104308921
8/29/2011,101134490
8/26/2011,160158018
8/25/2011,217625305
8/24/2011,146323144
8/23/2011,163954819
8/22/2011,133633050
8/19/2011,193669478
8/18/2011,212521674
8/17/2011,110099393
8/16/2011,124617257
8/15/2011,114931004
8/12/2011,132123640
8/11/2011,185283336
8/10/2011,219333726
8/9/2011,270036491
8/8/2011,284991925
8/5/2011,300872480
8/4/2011,217337675
8/3/2011,184655855
8/2/2011,159570018
8/1/2011,152529696
7/29/2011,157856347
7/28/2011,148241774
7/27/2011,164365019
7/26/2011,118968676
7/25/2011,147129404
7/22/2011,128609149
7/21/2011,131469069
7/20/2011,234799250
7/19/2011,198837160
7/18/2011,142687483
7/15/2011,120737646
7/14/2011,107130272
7/13/2011,97557419
7/12/2011,112716764
7/11/2011,110366513
7/8/2011,122332877
7/7/2011,99596520
7/6/2011,110994483
7/5/2011,88675467
7/1/2011,109926493
6/30/2011,80686784
6/29/2011,88123516
6/28/2011,73368002
6/27/2011,84812375
6/24/2011,109887573
6/23/2011,139572412
6/22/2011,97468589
6/21/2011,123112957
6/20/2011,159899088
6/17/2011,153715076
6/16/2011,126824918
6/15/2011,98960500
6/14/2011,83499035
6/13/2011,82344175
6/10/2011,108450403
6/9/2011,68737284
6/8/2011,83311015
6/7/2011,132345680
6/6/2011,115190075
6/3/2011,77951813
6/2/2011,84669645
6/1/2011,138299601
5/31/2011,104084431
5/27/2011,50882462
5/26/2011,55623739
5/25/2011,73437442
5/24/2011,80444934
5/23/2011,95541069
5/20/2011,84476515
5/19/2011,65148271
5/18/2011,83511355
5/17/2011,113030224
5/16/2011,112334984
5/13/2011,81443694
5/12/2011,79915454
5/11/2011,83509605
5/10/2011,71227611
5/9/2011,51143653
5/6/2011,69991117
5/5/2011,83850155
5/4/2011,97622099
5/3/2011,78201993
5/2/2011,110396403
4/29/2011,208434163
4/28/2011,89955627
4/27/2011,88778857
4/26/2011,84367665
4/25/2011,66418687
4/21/2011,188240276
4/20/2011,165860990
4/19/2011,104574571
4/18/2011,152935766
4/15/2011,113325554
4/14/2011,75357053
4/13/2011,86483416
4/12/2011,106196122
4/11/2011,99679750
4/8/2011,94195248
4/7/2011,93268378
4/6/2011,100460810
4/5/2011,120651896
4/4/2011,114751314
4/1/2011,104496031
3/31/2011,68453161
3/30/2011,82147055
3/29/2011,88011586
3/28/2011,77053503
3/25/2011,111997444
3/24/2011,100635740
3/23/2011,93078328
3/22/2011,81435364
3/21/2011,103178211
3/18/2011,188150886
3/17/2011,164523359
3/16/2011,287646046
3/15/2011,179747944
3/14/2011,108959443
3/11/2011,117542215
3/10/2011,126724608
3/9/2011,113249954
3/8/2011,88957077
3/7/2011,136302361
3/4/2011,113155454
3/3/2011,124643787
3/2/2011,150412615
3/1/2011,113527924
2/28/2011,100497210
2/25/2011,94401188
2/24/2011,124804997
2/23/2011,167580960
2/22/2011,217592825
2/18/2011,203326891
2/17/2011,132320200
2/16/2011,118767216
2/15/2011,70731871
2/14/2011,77500243
2/11/2011,91775628
2/10/2011,231786170
2/9/2011,120447916
2/8/2011,94755248
2/7/2011,121039906
2/4/2011,80346164
2/3/2011,98290879
2/2/2011,64653258
2/1/2011,106341512
1/31/2011,94202598
1/28/2011,147746454
1/27/2011,71129331
1/26/2011,126542748
1/25/2011,135998561
1/24/2011,143251473
1/21/2011,188198066
1/20/2011,190898107
1/19/2011,283119845
1/18/2011,462442329
1/14/2011,76865693
1/13/2011,74023552
1/12/2011,75491803
1/11/2011,110618303
1/10/2011,111939414
1/7/2011,77371653
1/6/2011,74957912
1/5/2011,63310259
1/4/2011,77212123
1/3/2011,110964733
12/31/2010,48344906
12/30/2010,39354103
12/29/2010,40775656
12/28/2010,43898371
12/27/2010,62274056
12/23/2010,55731469
12/22/2010,66449697
12/21/2010,63928793
12/20/2010,96006079
12/17/2010,96587849
12/16/2010,80244454
12/15/2010,103780771
12/14/2010,87718986
12/13/2010,109673093
12/10/2010,65576594
12/9/2010,73378782
12/8/2010,80165284
12/7/2010,97437439
12/6/2010,111165143
12/3/2010,85503906
12/2/2010,115699815
12/1/2010,114829084
11/30/2010,125157098
11/29/2010,110489713
11/26/2010,59436255
11/24/2010,103401091
11/23/2010,129372219
11/22/2010,97869619
11/19/2010,96113949
11/18/2010,123123667
11/17/2010,119653066
11/16/2010,164041549
11/15/2010,100475160
11/12/2010,198704230
11/11/2010,90179837
11/10/2010,95152429
11/9/2010,95514329
11/8/2010,69985111
11/5/2010,90104657
11/4/2010,159613418
11/3/2010,126496828
11/2/2010,107689502
11/1/2010,105463082
10/29/2010,106459252
10/28/2010,137111911
10/27/2010,97963209
10/26/2010,97175079
10/25/2010,96214749
10/22/2010,92488648
10/21/2010,136781721
10/20/2010,179414674
10/19/2010,307005952
10/18/2010,267603430
10/15/2010,229189449
10/14/2010,108314742
10/13/2010,155265647
10/12/2010,139112862
10/11/2010,106676392
10/8/2010,164183439
10/7/2010,101859481
10/6/2010,167206320
10/5/2010,124901667
10/4/2010,108637023
10/1/2010,112000034
9/30/2010,167988710
9/29/2010,117244505
9/28/2010,258538988
9/27/2010,120369236
9/24/2010,161761929
9/23/2010,196189899
9/22/2010,146168794
9/21/2010,166544330
9/20/2010,164490809
9/17/2010,157292917
9/16/2010,162463819
9/15/2010,106805122
9/14/2010,101293530
9/13/2010,96883319
9/10/2010,96849369
9/9/2010,109347103
9/8/2010,131395709
9/7/2010,85565506
9/3/2010,130035609
9/2/2010,103632581
9/1/2010,173960762
8/31/2010,104966361
8/30/2010,95553599
8/27/2010,136758551
8/26/2010,116284385
8/25/2010,148938905
8/24/2010,150183995
8/23/2010,103289091
8/20/2010,95681559
8/19/2010,106533662
8/18/2010,84548265
8/17/2010,105546662
8/16/2010,79420764
8/13/2010,88560037
8/12/2010,133552620
8/11/2010,154454626
8/10/2010,112874754
8/9/2010,75552633
8/6/2010,111151143
8/5/2010,72257102
8/4/2010,105052042
8/3/2010,104082541
8/2/2010,106583082
7/30/2010,112029784
7/29/2010,160834008
7/28/2010,129737759
7/27/2010,145188934
7/26/2010,104188731
7/23/2010,133236640
7/22/2010,161139628
7/21/2010,295973249
7/20/2010,263591379
7/19/2010,255842447
7/16/2010,259540618
7/15/2010,205060442
7/14/2010,202950851
7/13/2010,296797219
7/12/2010,140474992
7/9/2010,108260072
7/8/2010,184252935
7/7/2010,163169979
7/6/2010,153559326
7/2/2010,173446612
7/1/2010,255527517
6/30/2010,184538045
6/29/2010,282782865
6/28/2010,146186434
6/25/2010,136678611
6/24/2010,178309303
6/23/2010,191838418
6/22/2010,178776694
6/21/2010,193217628
6/18/2010,195928029
6/17/2010,217872895
6/16/2010,195557169
6/15/2010,145862054
6/14/2010,150469315
6/11/2010,136154451
6/10/2010,193507918
6/9/2010,213040094
6/8/2010,249904415
6/7/2010,221253336
6/4/2010,189045767
6/3/2010,162341809
6/2/2010,171594061
6/1/2010,218455576
5/28/2010,203645811
5/27/2010,165270400
5/26/2010,212125404
5/25/2010,261342838
5/24/2010,188078156
5/21/2010,305744272
5/20/2010,319497456
5/19/2010,256089547
5/18/2010,194856888
5/17/2010,190413707
5/14/2010,189368537
5/13/2010,149704075
5/12/2010,163385299
5/11/2010,212068004
5/10/2010,245539284
5/7/2010,418562326
5/6/2010,319584886
5/5/2010,220353346
5/4/2010,180620564
5/3/2010,113343684
4/30/2010,135421971
4/29/2010,139522502
4/28/2010,189375537
4/27/2010,176955713
4/26/2010,119378876
4/23/2010,198906390
4/22/2010,197849809
4/21/2010,245072944
4/20/2010,177792843
4/19/2010,141571402
4/16/2010,187514026
4/15/2010,93876048
4/14/2010,100827750
4/13/2010,76184103
4/12/2010,83236885
4/9/2010,83443105
4/8/2010,142899723
4/7/2010,156909177
4/6/2010,111431983
4/5/2010,170363601
4/1/2010,150568295
3/31/2010,107438412
3/30/2010,131326339
3/29/2010,130887089
3/26/2010,159986658
3/25/2010,135463131
3/24/2010,149419805
3/23/2010,150384825
3/22/2010,113828294
3/19/2010,139669082
3/18/2010,85156076
3/17/2010,112501374
3/16/2010,111581993
3/15/2010,123005437
3/12/2010,103841951
3/11/2010,101209110
3/10/2010,148907755
3/9/2010,229908139
3/8/2010,107326832
3/5/2010,224647427
3/4/2010,89591907
3/3/2010,92846488
3/2/2010,141486282
3/1/2010,137312041
